Symbol,LinkSymbol
BTC,bitcoin
ETH,ethereum
USDT,tether
XRP,xrp
BNB,bnb
SOL,solana
USDC,usd-coin
DOGE,dogecoin
TRX,tron
ADA,cardano
HYPE,hyperliquid
LINK,chainlink
eUSDe,ethena-usde
BCH,bitcoin-cash
SUI,sui
XLM,stellar
AVAX,avalanche
HBAR,hedera
CRO,cronos
LEOu,unus-sed-leo
LTC,litecoin
TON,toncoin
SHIB,shiba-inu
pDOTn,polkadot-new
UNIs,uniswap
DAI,multi-collateral-dai
ENA,ethena
XMR,monero
AAVE,aave
OKB,okb
PEPE,pepe
MNTe,mantle
BGB,bitget-token-new
ETC,ethereum-classic
TAO,bittensor
NEAR,near-protocol
POL,polygon-ecosystem-token
APT,aptos
ONDO,ondo-finance
PI,pi
USD1,usd1
ARBm,arbitrum
ICP,internet-computer
IP,story-protocol
GT,gatetoken
KAS,kaspa
ATOM,cosmos
VET,vechain
ALGO,algorand
KCS,kucoin-token
WLD,worldcoin-org
PENGU,pudgy-penguins
SKYn,sky
SEI,sei
PUMPf,pump-fun
M,memecore
TRUMPo,official-trump
BONK,bonk1
FIL,filecoin
JUPa,jupiter-ag
FLR,flare
FDUSD,first-digital-usd
FET,artificial-superintelligence-alliance
XDC,xdc-network
INJ,injective
OPm,optimism-ethereum
QNT,quant
TIA,celestia
PYUSD,paypal-usd
STXk,stacks
CRV,curve-dao-token
AERO,aerodrome-finance
SPX,spx6900
PAXG,pax-gold
LDO,lido-dao
IMXm,immutable-x
GRT,the-graph
PYTH,pyth-network
KAIA,kaia
XAUT,tether-gold
CFX,conflux-network
RAY,raydium
S,sonic
FLOKI,floki-inu
CAKE,pancakeswap
NEXO,nexo
ENS,ethereum-name-service
WIF,dogwifhat
PENDLE,pendle
THETA,theta-network
XTZ,tezos
Ah,vaulta
IOTA,iota
FARTCOIN,fartcoin
RLUSD,ripple-usd
GALA,gala
SAND,the-sandbox
VIRTUAL,virtual-protocol
ZEC,zcash
JASMY,jasmy
JTO,jito
AB,newton
MORPHO,morpho
FLOW,flow
BTT,bittorrent-new
MANA,decentraland
WAL,walrus-xyz
B,buildon
SYRUP,maple-finance
DEXE,dexe
ETHFI,ether-fi-ethfi
BCHSV,bitcoin-sv
STRKn,starknet-token
TUSD,trueusd
USDD,usdd
DYDXn,dydx-chain
NEO,neo
DEEP,deepbook-protocol
NFT,apenft
BRETT,based-brett
RSR,reserve-rights
ZRO,layerzero
APE,apecoin-ape
HNT,helium
AR,arweave
ZK,zksync
EIGEN,eigenlayer
COREd,core-dao
RUNE,thorchain
SUN,sun-token
COMP,compound
KAVA,kava
AXS,axie-infinity
EGLD,multiversx-egld
XEC,ecash
CHZ,chiliz
W,wormhole
SUPERf,superverse
XCNt,onyxcoin
AIOZ,aioz-network
GNO,gnosis-gno
BEAMo,onbeam
ZBCN,zebec-network
ATH,aethir
CVX,convex-finance
1INCH,1inch
JST,just
WEMIX,wemix
LUNC,terra-luna
RONIN,ronin
MOG,mog-coin
MOVEm,movement
LPT,livepeer
AXL,axelar
TWT,trust-wallet-token
DASH,dash
BERA,berachain
QTUM,qtum
BIO,bio
CTC,creditcoin
SNEK,snek
DCR,decred
AMPt,amp
AKT,akash-network
SAFEt,safe1
TURBOt,turbo
KSM,kusama
FTT,ftx-token
MX,mx-token
MYX,myx-finance
MOCA,mocaverse
IOTX,iotex
FXS,frax-share
TFUEL,theta-fuel
EURC,euro-coin
MEW,mew
TOSHI,toshithecat
POPCAT,popcat-sol
GLM,golem-network-tokens
ZRX,0x
KAITO,kaito
VELO,velo
ZORA,zora
SNX,synthetix
BAT,basic-attention-token
SFP,safepal
CKB,nervos-network
MINA,mina
ZIL,zilliqa
DOG,dog-go-to-the-moon-rune
OM,mantra
PLUME,plume
CHEEMSp,cheems-pet
GAS,gas
PNUT,peanut-the-squirrel
SUSHI,sushiswap
SAHARA,sahara-ai
JLP,jupiter-perps-lp
FTN,fasttoken
USDY,ondo-us-dollar-yield
BDX,beldex
USDG,global-dollar-usdg
VSN,vision-token
ZBU,zeebu
TEL,telcoin
KTA,keeta
SAROS,saros
EVAc,evervalue-coin
OHM,olympus
GHO,gho
FRAX,frax
UPC,upcx
BORG,swissborg
VVS,vvs-finance
QUBIC,qubic
WHITEr,whiterock
ZANO,zano
Gomining,gomining-token
ULTIMA,ultima
MPLX,metaplex
REKTc,rekt-eth
LGCT,legacy-network
ALE,project-ailey
RVN,ravencoin
DRIFT,drift
ASTR,astar
BLUR,blur-token
USELESS,theuselesscoin
TIBBIR,ribbita-by-virtuals
NOT,notcoin
ORDI,ordi
ACH,alchemy-pay
REDs,redstone
ZETA,zetachain
TRAC,origintrail
ROSE,oasis-network
CFG,centrifuge
YFI,yearn-finance
IDs,space-id
GRASS,grass
SKL,skale-network
VTHO,vethor-token
COW,cow-protocol
CELO,celo
PROVE,succinct
MELANIA,melania-meme
SC,siacoin
PROM,prom
ETHW,ethereum-pow
KOGE,bnb48-club-token
HOT,holo
T,threshold
XPR,proton
CHEEL,cheelee
MERL,merlin-chain
VENOM,venom
ELF,aelf
UXLINK,uxlink
ONE,harmony
NPC,non-playable-coin
DGB,digibyte
ANKR,ankr
YZY,yzy
KMNO,kamino-finance
EURS,stasis-euro
GMXi,gmx
CAMP,camp-network
WMTX,world-mobile-token
LAYERs,solayer
NEIROe,first-neiro-on-ethereum
RLB,rollbit-coin
LCX,lcx
XCH,chia-network
MEMEc,meme
RPL,rocket-pool
ICX,icon
DEUSD,elixir-deusd
LRC,loopring
ZIG,zigcoin
OSAK,osaka-protocol
ORCA,orca
ALTl,altlayer
WAVES,waves
CSPR,casper
HSK,hashkey-platform-token
BOME,book-of-meme
NXPC,maplestory-universe
MOODENG,moo-deng-solana
AUSD,agora-finance
XYO,xyo
$MBG,multibank-group
POLYX,polymesh
CPOOL,clearpool
NMR,numeraire
GMTn,green-metaverse-token
SOLO,sologenic
ONT,ontology
ZEN,horizen
ENJ,enjin-coin
KEEP,keep-network
WOO,wootrade
SSV,ssv-network
MASK,mask-network
OSMO,osmosis
VANA,vana
SNT,status
SOMI,somnia
BAND,band-protocol
UMA,uma
BABYl,babylon
REXr,revox
ALEO,aleo
PYTHIA,pythia
KDA,kadena
SHX,stronghold-token
OMNIn,omni-network
VCNT,vicicoin
NANO,nano
COTI,coti
WILDw,wilder-world
RLC,rlc
G,gravity-token
SXT,space-and-time
SXP,sxp
ME,magiceden
AURAr,aura
ERA,caldera
CHEX,chex-token
BLAST,blast
ARKM,arkham
HOME,defi-app
KUB,bitkub-coin
STORJ,storj
SLTg,slt-game
BGSC,bugscoin
DSYNC,destra-network
IO,io-net
IKA,ika
FUN,funtoken
BB,bouncebit
STG,stargate-finance
LUNAt,terra-luna-v2
STIK,staika
GOHOME,gohome
AI16Z,ai16z
XVS,venus
BIGTIME,big-time
REQ,request
SHFL,shuffle
AIXBT,aixbt
BANa,comedian
GIGA,gigachad-meme
STPT,standard-tokenization-protocol
WKC,wiki-cat
BMX,bitmart-token
SIGNt,sign
FAI,freysa-ai
ORBR,orbler
HIVE,hive-blockchain
METIS,metisdao
BORA,bora
PEOPLE,constitutiondao
VVV,venice-token
BICO,biconomy
LIBERTY,torch-of-liberty
TRB,tellor
DIA,dia
CYBER,cyberconnect
XVG,verge
POWR,power-ledger
IOST,iostoken
SWFTC,swftcoin
ILV,illuvium
ZENT,zentry
YGG,yield-guild-games
CARV,carv
MANTA,manta-network
CVC,civic
WAXP,wax
APTM,apertum
STRAXn,stratis-new
DAG,constellation
API3,api3
FLZ,fellaz
PIXEL,pixels
AIC,ai-companions
FIDA,solana-name-service
OMI,ecomi-new
BNT,bancor
ARDR,ardor
AUDIO,audius
QAI,quantixai
ARK,ark
BAL,balancer
GOAT,goatseus-maximus
PHA,phala-network
ACX,across-protocol
SOONn,soon
PUNDIX,pundix-new
CHR,chromia
LON,tokenlon-network-token
XUSD,straitsx-xusd
XAI,xai-games
AEVO,aevo
MVL,mvl
SPELL,spell-token
EDGEn,definitive
FLUX,zel
CROSS,cross-protocol
HONEYh,hivemapper
ALCH,alchemist-ai
BITCOIN,harrypotterobamasonic10inu-eth
IQ,iq
EDU,open-campus
LQTY,liquity
BANANAg,banana-gun
DYM,dymension
CETUS,cetus-protocol
SATS,sats-ordinals
BDCA,bitdca
DKA,dkargo
LAUNCHCOIN,ben-pasternak
USTC,terrausd
TAGt,tagger
POKT,pocket-network
PEAQ,peaq
SONIC,sonic-svm
DENT,dent
TRWA,tharwa
TAIKO,taiko
LSK,lisk
ORBS,orbs
MLK,milk-alliance
USUAL,usual
NOBODY,nobody-sausage
PRO,propy
COOKIE,cookie
TORN,torn
MYTH,mythos
DOGS,dogs
KNC,kyber-network-crystal-v2
SAGA,saga
PRIME,echelon-prime
CTSI,cartesi
STEEM,steem
USDP,paxos-standard
MSQ,msquare-global
ABT,arcblock
GLMR,moonbeam
EURCV,eur-coinvertible
ERG,ergo
POND,marlin
CGPT,chaingpt
UDS,undeads-games
JOE,joe
BERT,bertram-the-pomeranian
DPI,defi-pulse-index
DEGEN,degen-base
AGI,delysium
VINE,vine-coin
NEIRO,neiro-eth
SOLV,solv-protocol
BANANAS31,banana-for-scale
SIREN,siren-bsc
MAGIC,magic-token
OVPP,openvpp
LAl,lagrange
GNS,gains-network
ZKJ,polyhedra-network
OG,og-fan-token
EPICc,epic-chain
SLP,smooth-love-potion
H,humanity-protocol
APEPE,ape-and-pepe
NILA,mindwavedao
FLOCK,flock-io
MTL,metal
CELR,celer-network
XRD,radix-protocol
CCD,concordium
SOPH,sophon
AUCTION,bounce-token
BFC,bifrost
HFT,hashflow
SQD,subsquid
MNEE,mnee
PROMPT,wayfinder
TUT,tutorial
RSC,researchcoin
MOVR,moonriver
DESO,deso
AGLD,adventure-gold
NTRNn,neutron-ntrn
APU,apu-apustaja
LQ,liqwid-finance
ANYONE,anyone-protocol
TPT,tokenpocket
TOKAMAK,tokamak-network
ETN,electroneum
EURI,eurite
RIF,rsk-infrastructure-framework
BUSD,binance-usd
NEWT,newton-protocol
HUMA,huma-finance
ZRCt,zircuit
COREUM,coreum
AIAT,ai-analysis-token
SCRTn,secret
GAMEb,gamebuild
SN,spacen
WCTn,walletconnect-token
AEUR,anchored-coins-aeur
MED,medibloc
ANDYc,boysclubandy
ELON,dogelon
NIL,nillion
QI,benqi
VANRY,vanar
SRX,storx-network
OXT,orchid
DHN,dohrnii
B3,b3
LISTA,lista-dao
INIT,initia
MAV,maverick-protocol
PONKE,ponke
AERGO,aergo
OAS,oasys
CBK,cobak-token
IAG,iagon
CATs,simonscat
WIN,wink
SERAPH,seraph
GUSD,gemini-dollar
HP,hippo-protocol-ai
SUPRA,supra
PINl,pinlink
TAI,tars-protocol
TREE,treehouse
GEOD,geodnet
TOWNS,towns
USDUC,unstable-coin-sol
AIs,sleepless-ai
C98,coin98
AURORA,aurora-near
CTK,shentu
QKC,quarkchain
BTRST,braintrust
DEP,deapcoin
SAPIEN,sapien-io
SUSD,susd
KEYCAT,keyboard-cat
AITECH,solidus-ai-tech
KLK,klickl-token
TNSR,tensor
PYR,vulcan-forged-pyr
PEPEONTRON,pepeontron
QRL,quantum-resistant-ledger
GODS,gods-unchained
USDF,usdf
VELOd,velodrome-finance
PARTI,particle-network
RARE,superrare
DEVVE,devve
SKYAI,skyai
ICNT,impossible-cloud-network
MAMO,mamo
HMSTR,hamster-kombat
GFI,goldfinch-protocol
CHILLGUY,just-a-chill-guy
SERV,openserv
REZ,renzo
MINs,minswap
RESOLV,resolv
HEART,humans-ai
A2Z,arena-z
GCB,global-commercial-business
METy,metya
SKI,ski-mask-dog
KERNEL,kerneldao
EURt,tether-eurt
OLAS,autonolas
ISLM,islamic-coin
XYM,symbol
ALU,altura
RIO,realio-network
AVAIL,avail
MBX,marblex
OGN,origin-protocol
ROAM,roam
DRX,drx-token
MBLc,moviebloc
DEXT,dextools
DBR,debridge
NCT,polyswarm
NMD,nexusmind
ACS,access-protocol
INV,inverse-finance
JELLYJELLY,jelly-my-jelly
ATA,automata-network
SDEX,smardex
ALPINE,alpine-f1-team-fan-token
SLERF,slerf
LUMIA,lumia
NYM,nym
FORT,forta
ELG,escointoken
FORTH,ampleforth-governance-token
CET,coinex-token
NEON,neon
ORDER,orderly-network
TRU,truefi-token
HIGHs,highstreet
WOLFc,landwolf-coin
MORI,mori-coin
MOB,mobilecoin
DEL,decimal
C,chainbase
FWOG,fwog-solana
AVA,ava
THEn,thena
XION,xion
EWT,energy-web-token
MITO,mitosis
PUFFER,puffer
ELA,elastos
A8,ancient8
GEAR,gearbox-protocol
M87,messier
CUSD,celo-dollar
BONE,bone-shibaswap
AMPL,ampleforth
ANON,hey-anon
UNP,unipoly
ACEf,fusionist
ALICE,myneighboralice
DARKSTAR,darkstar
SD,stader
ARRR,pirate-chain
LUR,lumera-health
MEY,mey-network
MIA,mia-base
RAD,radworks
SHELLa,myshell
GRND,superwalk
IDOL,meet48
META,metadium
SUNDOG,sundog
ICEo,ice-decentralized-future
RSS3,rss3
RBNT,redbelly-network
ACA,acala
ORAI,oraichain-token
FAIR3,fair-and-free
GRIFFAIN,griffain
APEXp,apex-token
ARPA,arpa-chain
ACTi,act-i-the-ai-prophecy
Xe,x-empire
GTCo,gitcoin
HEI,heima
LBT,law-blocks
HEMI,hemi
NAKA,nakamoto-games
TT,thundercore
BOOE,book-of-ethereum
SYS,syscoin
DODO,dodo
GPS,goplus-security
ASP,aspecta
FUELn,fuel-network
AO,ao
EGL1,egl1
BOBO,bobo-coin
XMW,morphware
HUNT,hunt
PHB,phoenix-global-new
MMUI,metamui
FBi,fractal-bitcoin
NFP,nfprompt
DOGINME,doginme
DIMO,dimo
PNG,pangolin
HAEDAL,haedal-protocol
QUAI,quai-network
STRX,strikecoin
COQ,coq-inu
DUSK,dusk
HASHAI,hashai
LYX,lukso-network
WXT,wirex-token
L3,layer3-xyz
OHO,oho
HEGIC,hegic
TKO,tokocrypto
GMEc,gamestop
PRCL,parcl
JOEc,joe-coin
CXTo,covalent-x
CATI,catizen
BLOCKx,blockstreet-xyz
MCDULL,mcdull
METFI,metfi2
MNSRY,mansory
NS,sui-name-service
MOBILE,helium-mobile
AQT,alpha-quark-token
URANUS,uranus-coin
DNT,district0x
IDEX,idex
SFUND,seedify-fund
eUSDo,electronic-usd
MBOX,mobox
TA,trusta-ai
LMWR,limewire
MYRIA,myria
MUBARAK,mubarak
AGIALPHA,agi-alpha-agent
VIC,viction
MIGGLES,mr-miggles
SUT,supertrust
ASM,assemble-protocol
HOOK,hooked-protocol
XPh,xphere
FARTBOY,fartboy
DF,dforce
SEND,suilend
MOC,moss-coin
FON,fonsmartchain
XPLA,xpla
DEGO,dego-finance
ALPH,alephium
DRV,derive
MAPO,map-protocol
RDNT,radiant-capital
GRS,groestlcoin
BMTs,bubblemaps
TLOS,telos
LOCUS,locus-chain
RAMP,ramp
TLM,alien-worlds
ISIKC,isiklar-coin
DYDX,dydx-ethdydx
CLV,clover
AHTn,ahatoken
ASD,bitmax-token
LEASH,doge-killer
KLV,klever
DUCKc,duckchain
GUNz,gunz
SANTOS,santos-fc-fan-token
NUB,nubcat
SURE,insure
OMG,omg
SWELL,swell-network
SHARP,sharp-token
XAIs,sideshift-token
MLN,enzyme
DAO,dao-maker
AVAs,ava-sol
PORTALg,portal-gaming
ARIAi,aria-ai
NAVX,navi-protocol
GPUn,node-ai
MLC,my-lovely-planet
ALCX,alchemix
OL,open-loot
POLIS,star-atlas-polis
EVER,everscale
WEN,wen
GHST,aavegotchi
OBTf,orbiter-finance
DONKEY,donkey-bsc
DOOD,doodles
WRX,wazirx
PALM,palm-ai
CAW,crow-with-knife
RICE,rice-ai
BROCCOLI,broccoli-714
LADYS,milady-meme-coin
TAC,tac-protocol
MAVIA,heroes-of-mavia
TST,test-token-bsc
LAT,platon
GFAL,games-for-a-living
RACA,radio-caca
KEKIUS,kekius-maximus-vip
SYN,synapse-2
CROWN,crown-by-third-time-games
BRISE,bitrise-token
PIKA,pikachu
WOJAK,wojak
SPA,sperax
BIDc,creatorbid
SHDWt,genesysgo-shadow
ELy,elysia
BBo,bitboardtop
BOTX,botxcoin
KARRAT,karrat
MYRO,myro
FOX,fox-token
XEM,nem
WAN,wanchain
RIZE,rize
Da,mines-of-dalarnia
AVLa,avalon-labs-avl
NKN,nkn
ARENA,the-arena
CUDIS,cudis
SWARMS,swarms
AKE,akedo
BOUNTY,sentinel-protocol
NMC,namecoin
GST,green-satoshi-token
POLS,polkastarter
INDY,indigo-protocol
NOS,nosana
HOPR,hopr
BLUEf,bluefin
VOW,vow
WALLET,ambire-wallet
MCADE,metacade
PIPPIN,pippin
XNY,codatta
B2,bsquared-network
RARI,rarible
ZEREBRO,zerebro
BEL,bella-protocol
TAKE,overtake
QUICKs,quickswap-new
HEZ,hermez-network
CTA,cross-the-ages
UTK,utrust
AGRS,agoras-tokens
FARM,harvest-finance
OORT,oortech
AIN,infinity-ground
ASR,as-roma-fan-token
BADGER,badger-dao
AIH,aihub
SIX,six
ATLAS,star-atlas
BURNd,burnedfi-app
ARCx,ai-rig-complex
WOD,world-of-dypians
DATA,streamr
PLAYs,playsout
ADX,adx-net
ALEPH,aleph-im
IXS,ix-swap
DADDY,daddy-tate
STOn,stakestone
SPECTRE,spectre-ai
PSG,paris-saint-germain-fan-token
HIPPO,sudeng
BULLA,bulla-mascot
$ADS,alkimi
OCTA,octaspace
BSU,baby-shark-universe
ZKML,zkml
LIGHT,light
EQB,equilibria-finance
PORK,pepefork
COSt,contentos
GELa,gelato
REDX,redx
PERP,perpetual-protocol
EPS,ellipsis
Kd,sidekick-fans
UOS,ultra
OGY,origyn-foundation
MANYUe,manyu-ethereum
PSP,paraswap
INSP,inspect
VERSEw,verse-world
CGO,comtech-gold
CESS,cess-network
BOBA,boba-network
$PURPE,purple-pepe
F,synfutures
COPI,cornucopias
BR,bedrock-dao
PORT3,port3-network
BLZE,bluzelle
CULT,cult-dao
J,jambo
ADS,adshares
AIO,olaxbt
IXTn,ix-token
MASA,masa-network
MNGO,mango-markets
XPIN,xpin-network
FIO,fio-protocol
NMT,netmind-token
BARc,fc-barcelona-fan-token
ZEON,zeon
MEMEFI,meme-fi
EURR,stablr-euro
EMT,earthmeta
BKN,brickken
GMMT,giant-mammoth
FLMn,flamingo
REI,rei-network
FIR,fireverse
SWEAT,sweat-economy
ASTRA,astraai
A47,agenda-47
CTXC,cortex
UNS,uns-token
AMO,amo-coin
BUZZh,hive-ai
SPON,spheron-network
TGCa,tg-casino
NAORIS,naoris-protocol
VARA,vara-network
HOUSE,housecoin
VR,victoria-vr
LOCK,lock-token
ROG,rogin-ai
CHESSt,tranchess
BIFI,beefy-finance
ESPORTS,yooldo
RETARDIO,retardio
LOOKS,looksrare
QUACK,richquack-com
DIAM,diam
SUKU,suku
STEPf,step-finance
OPUL,opulous
ESX,estatex
ULTI,ultiverse
RZR,rezor
0X0,0x0-ai-ai-smart-contract
VINU,vita-inu
VOXEL,voxies
SYNCg,sync-gpt
PUPSb,pups-runes
KRL,kryll
FTRB,faith-tribe
ALPHA,alpha-finance-lab
KIBSHI,kiboshib
SANc,san-chan
CHEQ,cheqd
GAFI,gamefi
PUBLIC,publicai
ATR,artrade
MCOIN,mcoin1
BTR,bitrue-coin
HOSKY,hosky-token
XTER,xterio
GHX,gamercoin
MAJOR,major
PSTAKE,pstake-finance
PEIPEI,peipei-coin
BAKE,bakerytoken
KENDU,kendu-inu
IN,infinit
USDJ,usdj
JUV,juventus-fan-token
COLX,colossusxt
BOTTO,botto
TOKENf,tokenfi
PIVX,pivx
$MICHI,michi
OBOL,obol
FIS,stafi
BENJIb,basenjibase
AURAf,aura-finance
FHE,mind-network
VRA,verasity
BOSON,boson-protocol
GALf,galatasaray-fan-token
FIRO,firo
DFG,defigram
GYEN,gyen
STARTUP,startupcoin
OBT,oobit
VNO,veno-finance-vno
PUMP,pumpbtc-pump
LUNAv,luna-by-virtuals
NUM,numbers-protocol
WHY,why
PMT,public-masterpiece-token
ODOS,odos
KOMA,koma-inu
WAGMIGAMES,wagmi-game-2
MANEKI,maneki-coin
BANKl,lorenzo-protocol
MATH,math
BSW,biswap
NATIX,natix-network
PORTO,fc-porto
NUMI,numine
CAM,camino-network
WEPE,wall-street-pepe
NODE,nodeops
CITY,manchester-city-fan-token
SPS,splintershards
DORAf,dora-factory-new
CTXf,cryptex-finance
LAZIO,lazio-fan-token
ALVA,alvara-protocol
BVT,blockvault-token
REP,augur
ZCX,unizen
SHPING,shping
HOSICO,hosico
WE,webuy
PROPSe,propbase
INCO,infiniticoin
XDB,xdbchain
IDRT,rupiah-token
U,u
ZEX,zeta
PAID,paid-network
MPT,miracle-play
MVC,mileverse
XCP,counterparty
SDT,stake-dao
BELLS,bellscoin
SPYX,sp500-tokenized-stock-xstock
SYNT,synternet
PKOIN,pocketnet
STUFF,book-io
PIRATE,pirate-nation
SLAY,satlayer
BROCCOLIf,broccoli
ROOT,the-root-network
QDX,quidax
U2U,unicorn-ultra
DJI6930,dowge
MON,mon
TARA,taraxa
STOP,letstop
JYAI,jerry-the-turtle-by-matt-furie
MOODENGv,moo-deng-token
CAR,central-african-republic-meme
ANT,aragon
AVT,aventus
MILK,milkyway
USDR,stablr-usd
ONIT,onbuff
CLY,colony
SUP,superp
CRTS,cratos
TANSSI,tanssi
HIFI,hifi-finance
BASEDAI,basedai
XSWAP,xswap
DHT,dhedge-dao
NIM,nimiq
PROS,prosper
GORK,new-xai-gork
SKATE,skate
BTG,bitcoin-gold
ACMi,ac-milan-fan-token
PPC,peercoin
SMTs,swarm-markets
PHNIX,phoenix-xrp
UNCX,uncx
CWEB,coinweb
ATMd,atletico-de-madrid-fan-token
OBSR,observer
SIGMAs,sigma-sol
PEPUn,pepe-unchained-new
ARGf,argentinefootballassociationfantoken
CYCn,cycle-network
SIDUS,sidus
UFOg,ufo-gaming
VAIo,vaiot
SWCH,swisscheese
AXEL,axel
MONA,monacoin
SWAP,trustswap
IGT,infinitar
TRUF,truf-network
BCUT,bitscrunch
VADER,vaderai-by-virtuals
MINIMA,minima-global
VISTA,ethervista
10SET,tenset
NXRA,allianceblock-nexera
RWAl,allo
TRUU,truth
LIME,ime-lab
HOPPY,hoppy-coin
WNCG,wrapped-ncg
DIONE,dione-protocol
YURU,yuru-coin
TRACo,trac
SAITO,saito
TIME,chrono-tech
SQGROW,squid-grow
SBDR,steem-dollars
ABEL,abelian
PBTCp,purple-bitcoin
CLEAR,everclear
TET,tectum
USDQ,quantoz-usdq
XWC,whitecoin
KASTA,kasta
DRGN,dragonchain
RIZZMAS,rizzmas
LQR,laqira-protocol
ANTt,autonomi
REN,ren
XPRT,persistence
WUF,wuffi
CEEK,ceek-vr
GOUT,gout
MOCHI,mochi-the-catcoin-new
MATc,matchain
POLA,polaris-share
PIB,pibble
BIOT,biopassport-token
CLORE,clore-ai
GME,gme
GROK,grok-erc
VOLTi,volt-inu-v2
NIBI,nibiru-chain
AGT,alaya-ai
FEG,feed-every-gorilla
BXX,baanx
ATSc,alltoscan
MAXi,max-2
GTAI,gt-protocol
HDN,hydranet
BXN,blackfort-exchange-network
ABBC,abbc-coin
BZZ,ethereum-swarm
IOT,helium-iot
KYVE,kyve-network
FREYA,freya-by-virtuals
RHEA,rhea-finance
AUTOS,cryptoautos
MOTHER,mother-iggy
AZERO,aleph-zero
HAI,hackenai
LM,leisuremeta
MASKc,catwifmask
STREAMf,streamflow
Gpr,giants-protocol
BTSE,btse
PLU,pluton
KAN,bitkan
DVI,dvision-network
TAROT,tarot
BDC,billion-dollar-cat
DELABS,delabs-games
ARIA20,arianee-protocol
PAW,pawswap
FLTd,fluence-network
PXl,not-pixel
BOOPf,boop-fun
RFC,retard-finder-coin
AEROBUD,aerobud
RVF,rocket-vault-rocketx
SHRAP,shrapnel-com
WAI,world3
ECHO,echo-protocol
PALLA,pallapay
KARATE,karate-combat
HELLO,hello-labs
VELVET,velvet
WHALE,whale
TAVA,altava
VON,vameon
HTR,hathor
BDXN,bondex
TOWER,tower-token
DOGEg,department-of-government-efficiency-token
TRUMP,maga
DXI,dacxi
CELL,cellframe
PANDORA,pandora-coin
MONKY,wise-monkey
REEF,reef
WELF,welf
CERE,cere-network
KSP,klayswap-protocol
SPEC,spectral
LNQ,linqai
SNSY,sensay
SPYON,spdr-sp-500-tokenized-etf-ondo
SOV,sovryn
BOMO,bomo
SPARKLET,upland-sparklet
EXRD,radix
STRD,stride
NEXA,nexa
EGGn,nestree
NTX,nunet
DMTR,dimitra
BFIC,best-fintech-investment-coin
COCORO,cocoroerc
ICBX,icb-network
OVR,ovr
HNS,handshake
LRDS,blocklords
TURBOS,turbos-finance
MUMU,mumu-ing
AST,airswap
CREPE,crepe
DIVI,divi
FNCT,financie-token
FITFI,step-app
LINGO,lingo
LOBO,lobo-the-wolf-pup
TRIAS,trias-token
KATA,katana-inu
BSTo,blocksquare-token
ZKWASM,zkwasm
GLQ,graphlinq-protocol
LCAT,lion-cat
PUNDIAI,pundi-ai
LCC,litecoin-cash
XDAG,xdag
HYPC,hypercycle
YNE,yesnoerror
BOTIFY,botify
GXA,galaxia
WLTH,common-wealth
SLF,self-chain
ZKL,zklink
LA,latoken
TEMCO,temco
BRETTe,brett-coin
DOODI,doodipals
NAVI,atlas-navi
EQUAD,quadrantprotocol
INTER,inter-milan-fan-token
LABUBUs,labubu-xyz
BLUM,blum
AGRI,agridex
HEGE,hege
VCHF,vnx-swiss-franc
ROA,roa-core
SFIn,singularity-finance
DNX,dynex
ROCK,zenrock
FRIC,fric
IMPT,impt
CRETA,creta-world
ALON,alon
DVPN,sentinel
BLOK,bloktopia
RXD,radiant
ZYPTOTOKEN,zypto
KLEVA,kleva-protocol
HGPT,hypergpt
EVZ,electric-vehicle-zone
XELi,xelis
BNC,bifrost-bnc
PUSS,pussfi
PNP,penpie
DERO,dero
KAI,kardiachain
HI,hi-dollar
WUSD,worldwide-usd
ONEt,bigone-token
MODEn,mode
PWEASE,pwease
TRADEp,polytrade
JESUS,jesus-toys
HAPPY,happy-cat-on-sol
SLOTHa,slothana
BAD,bad-idea-ai
SOFI,rai-finance-sofi
STNK,stonks
POR,portugal-national-team-fan-token
KILO,kiloex
VTC,vertcoin
MBC,microbitcoin
SKEY,smartkey
BETA,beta-finance
THL,thala
QORPO,qorpo
DEAI,zero1-labs
HEROm,metahero
XO,xociety
ALTs,alitas
BCN,bytecoin-bcn
KCT,konnect
RLY,rally
VSC,vyvo-smart-chain
DOLAN,dolan-duck
DINGO,dingocoin
AZIT,azit
KMD,komodo
HYDRA,hydra
METAV,aipool
RIZO,hahayes
MINDFAK,mindfak-by-matt-furie
SHOGGOTH,shoggoth-monster
KIMA,kima-network
SHADOW,shadow-exchange
SPURS,tottenham-hotspur-fan-token
BSX,bsx
SIS,symbiosis-finance
CHIRP,chirp-network
BF,bitforex-token
PEPE2.0,pepe-2-0
JEWEL,defi-kingdoms
SOGNI,sogni-ai
EMR,emorya-finance
DCB,decubate
GORILLAc,gorilla
GMRX,gaimin
MYST,mysterium
EFI,efinity
LEVER,lever
AKITA,akita-inu
SABAI,sabai-ecoverse
OMNOM,doge-eat-doge
XCX,xeleb-protocol
CA,coupon-assets
TKP,tokpie
BEAM,beam
MUSE,muse
BRN,brn-metaverse
BOA,bosagora
PRAI,privasea-ai
PZM,prizm
SCF,smoking-chicken-fish
TOTAKEKE,dark-cheems
APM,apm-coin
EURQ,quantoz-eurq
RENTA,renta-network
BTS,bitshares
DEOD,decentrawood
EDWIN,edwin
VEST,vestchain
DEFI,de-fi
BHCn,butthole-coin
VALi,validity
TSLAX,tesla-tokenized-stock-xstock
XFI,crossfinance
RAIa,reploy
LIQ,liquidium-token
HAROLD,harold-sol
FUSD,freedom-dollar
CEUR,celo-euro
GMRT,the-game-company
TROLLn,troll-new
BOMBi,bombie
DMAIL,dmail-network
ITA,italian-national-football-team-fan-token
FEI,fei-usd
AFC,arsenal-fan-token
MV,gensokishis-metaverse
FTR,fautor
COCOROb,cocoro-base
$1,just-buy-1-worth-of-this-coin
TRVL,trvl
CUMMIES,cumrocket
LTO,lto-network
BLY,blocery
EAI,eternalai-org
LIKEo,only1
NRG,energi
AKI,aki-network
MOEW,donotfomoew
VLX,velas
CUBEs,somnium-space-cubes
SOLCEX,solcex
MAGA,maga-ethereum
ALEX,alex-lab
RWAi,rwa-inc
CHATt,openchat
MTRG,meter-governance
GRIN,grin
SCh,shark-cat
MDAO,marsdao
AGLA,angola
GRACY,colawork
ATT,attila
GMM,gamium
SLIM,solanium
QQQX,nasdaq-tokenized-stock-xstock
RISEe,everrise
XRT,robonomics-network
ORT,okratech-token
SOUL,phantasma
VNXAU,vnx-gold
RUSSELL,russell
DOPp,data-ownership-protocol
AMON,amond
MAIV,multi-asset-investment-vehicle
AVINOC,avinoc
STORM,storm-trade
PDA,playdapp
CREO,creo-engine
SERSH,serenity-shield
XEP,electra-protocol
GMEE,gamee
ARCi,arc
FOXSY,foxsy-ai
ESE,eesee
IZI,izumi-finance
KONET,konet
DJED,djed
JAILSTOOL,stool-prisondente
IMGN,imgn-labs
VEUR,vnx-euro
GOCHU,gochujangcoin
TJRM,tajir-tech-hub
PUSH,epns
SHIDOn,shido-network
ALPACA,alpaca-finance
Q,quantumcoin
IBS,ibstoken
SRM,serum
MILLI,milli
CREDI,credefi
BILLY,billy
MAN,matrix-ai-network
UBT,unibright
FLIX,omniflix-network
CRAI,cryptify-ai-ethereum
MUBI,multibit
WOWn,wownero
DCK,dexcheck
LBAI,lemmy-the-bat
DEURO,decentralized-euro
RCADE,rcade
MEE,medieval-empires
GHUB,gemhub
BOSS,ibiza-final-boss
SYLO,sylo
CTP,ctomorrow-platform
XRPHe,xrp-healthcare
SDAO,singularitydao
MAK,metacene
ARIO,ar-io-network
JOHN,john-tsubasa-rivals
KIN,kin
YEEe,yee-token
BOXn,debox
KAR,karura
WIFI,wifi-map
TRA,trabzonspor-fan-token
ZERC,derace
SOONt,tonstation
MNTC,minati-coin
CWIF,catwifhatsolana
NAP,napoli-fan-token
LUCE,luce
PLI,plugin
HMND,humanode
NPCS,non-playable-coin-solana
VERSE,verse-token
ШАЙЛУШАЙ,real-smurf-cat-eth
SLAP,catslap
SKBDI,skibidi-toilet-memecoin
BLOCKa,blockasset
MCN,mcncoin
MSTR2,mstr2100
AINTI,aintivirus
MASQ,masq
CRPT,crpt
SHR,sharetoken
NBLU,nuritopia
BTC2,bitcoin2
RJV,rejuve-ai
3ULL,playa3ull
NWC,newscrypto
UNIBOT,unibot-eth
FOREST,forest-protocol
PATRIOT,patriot
LUCA,luca
LKY,luckycoin
POOH,pooh
AP,america-party
HVH,havah
OGPU,open-gpu
HEMULE,hemule
EMYC,e-money-io
SNC,suncontract
STOS,stratos
$RIF,rifampicin
CEL,celsius
SHIDO,shido-eth
SIPHER,sipher
SDN,shiden-network
AXOL,axol
HINT,hive-intelligence
SLC,silencio
WECAN,wecan-group
CRCLX,circle-tokenized-stock-xstock
ASK,permission-coin
DARKe,dark-eclipse
VSG,vitalik-smart-gas
GMCOIN,gmcoin
ANLOG,analog
FUSE,fuse-network
KPOP,official-k-pop
GZONE,gamezone
DUKO,duko
HEHE,hehe-sol
SFI,saffron-finance
KOKO,koala-ai
ROUTE,router-protocol-2
ISP,ispolink
BOOP,boop-the-coin
NATO,the-nation-token
FACT,fact0rn
MCM,mochimo
BUBB,bubb
DFI,defichain
DEGENAI,degen-spartan-ai
RIZ,rivalz-network
LAND,landshare
ZERO,zerolend
CREAM,cream-finance
HUAHUA,chihuahua-wtf
SWORLD,seedworld
TALENT,talent-protocol
GSWIFT,gameswift
KP3R,keep3rv1
TEVA,tevaera
TAKER,taker
DBC,deepbrain-chain
BULL,tron-bull
VVAIFU,dasha
AAPLX,apple-tokenized-stock-xstock
GBYTE,obyte
SOLAMA,solama
CPH,cypherium
BRIC,redbrick
LUIGI,luigi-mangione
SHFT,shyft-network
DEFIT,digital-fitness
VEX,vexanium
PRE,presearch
DCD,decideai
H1,haven1
ELIZAw,eliza-wakesup-ai
PSPS,bobacat
ORBT,orbitt-token
ZEUSp,pepes-dog
RWA,xend-finance
MCRT,magiccraft
KINIC,kinic
MOONPIG,moonpig
UNFI,unifi-protocol-dao
LAI,cryptogpt
SHIRO,shiro-neko
AIPAD,aipad
MARIE,marie-rose
OPTIm,optimus-ai
PHIL,philtoken
AIPO,aipocalypto
MSTRX,microstrategy-tokenized-stock-xstock
$MONG,mongcoin
G3,gam3s-gg
POX,pollux-coin
RBTCo,rockyrabbit
TERMINUS,terminus-meme
MXC,mxc
TRT,trust-ai
BBQ,bbq-coin
PANDA,pandaswapsol
AIu,any-inu
SIGNA,signum
KOIN,koinos
LOGX,logx
STUPID,stupidcoin-2
JMPT,jumptoken
BEERc,beercoin
MLT,milc-platform
SENp,sentio-protocol
SELFIE,selfiedogcoin
GHIBLI,ghiblification
JAMt,tune-fm
ISLAND,nifty-island
KEY,selfkey
$URO,urolithin-a
CAGA,crypto-asset-governance-alliance
MAXe,max-exchange-token
NOMNOM,nomnom
CRP,utopia
MIX,mixmarvel
PIKAm,pikamoon-pika
TADA,ta-da
CHO,choise
CRASH,crash-on-base
LN,lnfi-network
COINX,coinbase-tokenized-stock-xstock
STBU,stobox-token
NCDT,nuco-cloud
WHALES,whales-market
SQR,magic-square
LOOM,loom-network
BRICK,bricks
FACTR,defactor
ADM,adamant-messenger
HANDY,handy
WEST,waves-enterprise
DC,dogechain
SKYA,sekuya-multiverse
RBC,rubic
NITRO,nitro-frog-token
ID,everest
MTV,multivac
OTK,octo-gaming
BOO,spookyswap
0xBTC,0xbtc
CAPS,ternoa
KEX,kira-network
IVPAY,ivendpay
NETVR,netvrk
MENGO,flamengo-fan-token
SOVRN,breederdao
OSCAR,oscar
SERO,super-zero-protocol
RDO,reddio
OMAX,omax-token
DTEC,dtec-token
AE,aeternity
CCDOG,courage-the-dog
GASS,gasspas
LETIT,letit
GUI,gui-inu
NODL,nodleiot
NBT,nanobyte-token
BAX,babb
COA,alliance-games
ASTX,asterix-labs
HOOD,robinhood
PART,particl
TROG,trog
AIMONICA,aimonica-brands
VSP,vesper
AITp,ait-protocol
BICITY,bicity-ai-projects
ZF,zkswap-finance
5IRE,5ire
XNA,neurai
TCOM,tcom-global
ASTROSa,astros
REVV,revv
MDAI,mindai
MAXf,matr1x
JANITOR,janitor
GOAL,topgoal
WELSH,welshcorgicoin
AREA,areon-network
PERRY,perry-bnb
ABYSS,abyss
QGOV,q-protocol
GENE,genopets
UNIT0,unit0
COVAL,circuits-of-value
WYAC,woman-yelling-at-cat
BDP,big-data-protocol
XCAD,xcad-network
JETTON,jetton
SAI,sharpe-ai
DIO,decimated
EDGENl,layeredge
LZM,milk-alliance-lzm
STRM,stream-coin
@G,graphite-network
PAWS,paws
DOME,everdome
HAKKA,hakka-finance
BUNKER,bunkercoin
GOOGLX,alphabet-tokenized-stock-xstock
GO,gochain
BUTTCOIN,the-next-bitcoin
UPTOP,uptop
ML,mintlayer
TOPt,top
PENGs,peng-sol
HTM,hatom
LTX,lattice-token
BTM,bytom
MTP,multiple-network
KSN,kissan
LUXg,lux
NULS,nuls
FAR,farcana
RDAC,redacted1
Rca,rebel-cars
FRONT,frontier
MBP,mbp-coin
STMX,stormx
BABYSHARK,baby-shark-meme
BEPRO,bepro-network
VMINT,volumint
$AKA,akasha-by-bloomverse
PAL,palio
BROCK,bitrock
NVDAX,nvidia-tokenized-stock-xstock
FORWARD,forward-protocol
BOND,barnbridge
SNIFT,starrynift
AZUR,azuro-protocol
XCHNG,chainge
ELDE,elderglade
POWSCHE,powsche
OVL,overlay-protocol
POOLX,poolz-finance
JOYs,joystream
MEMESAI,memesai
REALIS,realis-worlds
BROAK,broak-on-base
ASRR,assisterr
RAI,rai
SHM,shardeum
G7,game7
BSCPAD,bscpad
KIMBO,kimbo
BOATKID,pacu-jalur
SUNCAT,suncat
BIG,big
FURY,engines-of-fury
LBC,library-credits
OAX,oax
CSIX,carbon-browser
COTS,children-of-the-sky
Q*,qstar
LLM,large-language-model
GEEQ,geeq
DFL,defi-land
BLENDR,blendr-network
AMZNX,amazon-tokenized-stock-xstock
IDRX,idrx
JKC,junkcoin
SOLVEX,solvex-network
KNINE,k9-finance
NEIROs,neiro-sol-2
VSYS,v-systems
BABYPEPE,babypepe-coin
LAVA,vulcan-forged-lava
ELMT,element
SSLX,starslax
$WELL,well3
PIXFI,pixelverse-xyz
CHUCK,chuck-on-base
OLEv,openleverage
AWC,atomic-wallet-coin
OFN,openfabric-ai
SENATE,senate
EBULL,ethereum-is-good
BIDZ,bidz-coin
JOB,jobchain
ITGR,integral
VGX,vgx-token
BIOFI,biometric-financial
DPR,deeper-network
DSLA,dsla-protocol
KOBAN,koban
K21,k21
LL,lightlink
FLYt,fly-trade
VCh,vinuchain
OCTOn,octonetai
CRU,crustnetwork
SGT,suzuverse
CTF,cryptotradingfund
SLICE,tranche-finance
HAMMY,sad-hamster
CKP,cakepie-xyz
MBSu,unkjd
MAHA,mahadao
WDOG,wrapped-dog
ETHAX,ethax
KROM,kromatika
XTAG,xhashtag
FB,fenerbahce-token
NURA,nura-labs
DYNA,dynachain
XTM,torum
XELS,xels
GNON,numogram
BCUBE,b-cube-ai
TROY,troy
SNS,synesis-one
STAKE,xdai
BUY,buying-com
SIN,sincity-token
AIBOT,cherry-ai
LNDX,landx-finance
RITE,ritestream
EPIK,epik-prime
MOVE,bluemove
RIDEh,holoride
XCV,xcarnival
GGX,gg3
POLK,polkamarkets
PFVS,puffverse
PEEZYv,peezy-vip
BEFE,befe
EXM,exmo-coin
WLKN,walken
MARSH,unmarshal
BLOCX,blocxtech
DGCp,decentralgpt
WSM,wall-street-memes
BROCCOLIb,broccoli-czdog
BFTn,brazil-national-football-team-fan-token
CYBRO,cybro
NYZO,nyzo
GROYPER,groyper
USDsp,sperax-usd
TC,ttcoin
BIFIf,bifi
GOZ,goztepe-sk-fantoken
XAR,arcana
DYPv,defi-yield-protocol-v2
HONK,honk
SEKOIA,sekoia-by-virtuals
WSI,wesendit
FTC,feathercoin
GHOSTb,ghost
LMT,limitus
RGT,rari-governance-token
AVL,aston-villa-fan-token
SDM,shieldeum
TOMI,tominet
DEFROGS,defrogs
HABIBI,habibi-cat
ALOR,algorix
SNFT,spain-national-fan-token
EVERY,everyworld
TUP,tenup
STARSc,cryptoallstars
BUCKAZOIDS,buckazoids
LIMO,limoverse
WEFI,wefi
BDOGITO,bulldogito
KINGSHIB,king-shiba
ZEUSt,truezeuscoin
ILC,ilcoin
PBX,paribus
ASTRAFER,astrafer
ZCL,zclassic
VIDYA,vidya
PZP,playzap
DFC,definder-capital
ROOM,optionroom
WING,wing
AUTISM,autismcoinsol
XR,xraders
STRK,strike
BGL,bitgesell
NUT,nutcoin-org
GRLC,garlicoin
ELIXg,elixir-games
TAOCAT,taocat-by-virtuals-masa
CDTt,checkdot
REVa,revain
FEFE,fefecoin
WOM,wom-protocol
KAIk,kai-ken
MOOV,dotmoovs
TOILET,toilet-dust
NEUR,neur-sh
ERTHA,ertha
LADYF,milady-wif-hat
CWS,crowns
$AKUMA,akuma-inu
DOGK,dagknight-dog
TROLL,trollcoin
JAM,geojam-token
FORe,the-force-protocol
HOODX,robinhood-tokenized-stock-xstock
SPEEDY,speedy-the-turtle
UBXS,ubxs
PBUX,playbux
RMV,reality-metaverse
LKI,laika-ai
DPET,my-defi-pet
BULLY,dolos-the-bully
UPO,uponly
TEER,integritee-network
CRYBB,crybaby
XTP,tap
NIZA,niza-global
BAG,bag-coin
SBET,sbet
IGNIS,ignis
GOVI,govi
FDC,foodriver
QSWAP,quantum-network
GIV,giveth
CIV,civilization
DRT,domraider
$MICRO,micro-gpt
ITHACA,ithaca-protocol
PXP,pointpay
ABOND,apebond
ELONe,elon0x69420
VERT,vertus
HUND,hund-meme-coin
SAUBER,alfa-romeo-racing-orlen-fan-token
MBD,mbd-financials
BCOIN,bombcrypto
REVO,revomon
EXPERT,experttoken
CNDY,sugarverse
SAM,samsunspor-fan-token
WSDM,wisdomise
DFYN,dfyn-network
XCASH,x-cash
DAFI,dafi-protocol
NEST,nest-protocol
PHY,dephy-network
RFUEL,rio-defi
BELT,belt
PNIC,phoenic
PIRATEc,piratecash
AMB,airdao
WNK,the-winkyverse
BRWL,blockchain-brawlers
UMT,unitymeta
CSCOON,cisco-systems-tokenized-stock-ondo
CTY,custodiy
P3D,3dpass
MOONEY,mooney
TGTn,tokyo-games-token
AM,aston-martin-cognizant-fan-token
PDEX,polkadex
DOGA,dogami
COL,clash-of-lilliput
COMAI,commune-ai
NEI,neurashi
GRVc,grove3
PACE,3space-art
PLTe,palette
TRISIG,tri-sigma
E4C,e4c-final-salvation
HAMI,hami
CHRP,chirpley
CFit,cyberfi
TRAVA,trava-finance
LAYER,unilayer
SKID,success-kid-sol
AKRO,akropolis
ALPHAs,realalphacoin
SOULS,the-unfettered
AGENT,agentlayer
NRK,nordek
ORNJ,orange-crypto
BXCn,bonuscloud
OBI,orbofi-ai
ROOBEE,roobee
ROOST,roost-coin
ARTFI,artfi
CHEEMS,cheems
CGV,cogito-protocol
BOLT,bolt
WNT,wicrypt
CAU,canxium
BIST,bistroo
NOTAI,notai
WAM,wam-app
LSD,l7-dex
SIMON,simon-the-gator
LOU,lou
ACQ,acquire-fi
GORILLA,gorilla-token
DREAMS,dreams-quest
BCA,bitcoin-atom
HARD,hard-protocol
LFGO,lets-fuckin-go
INFn,infinaeon
RAIIN,raiinmaker
RATS,goldenrat
ARV,ariva
COMBO,combo-network
BABYBNB,baby-bnb
SUGAR,sugar-boy
COINYE,coinye-west
RPK,republik
CSM,crust-shadow
BTBl,bitball
SKEB,skeb-coin
POLC,polkacity
RFOX,redfox-labs
WNDR,wonderman-nation
PKRp,polker
PCX,chainx
YTC,yachtscoin
PMG,pomerium-ecosystem-token
MUSKIT,musk-it
DARK,dark-frontiers
ELIZA,ai16zeliza
IOEN,internet-of-energy-network
WNZ,winnerz
BSAI,bitcoin-silver-ai
NAFT,nafter
HVLO,hivello
VULPEFI,vulpe-finance
TKING,tiger-king-coin
ELMON,elemon
FREE,free-coin
XYRO,xyro
PIP,pip
CLS,coldstack
CANN,cannabiscoin
NOGS,noggles
AME,amepay
EGOp,ego-paysenger
WAT,wat
KLS,karlsen
MONI,monsta-infinite
SEED,seed-combinator
EVAN,evanthehobo-com
YAM,yam
EPX,ellipsis-epx
PORt,portuma
GOC,gocrypto-token
UNIsu,uni-sui
YOURAI,your
PRISM,prism
DEM,deutsche-emark
BTCST,btc-standard-hashrate-token
SWOP,swop
ECLD,ethernity-cloud
LOWB,loser-coin
CATCH,spacecatch
ZAP,zap
SAITAMA,saitama-eth
DIGG,digg
PAJAMAS,the-first-youtube-cat
XBC,bitcoin-plus
MOTA,motacoin
TIGRES,tigres-fan-token
LYNX,lynex
PEAK,peakdefi
BACHI,bachi-on-base
GLDX,gold-tokenized-stock-xstock
XDNA,extradna
PESTO,pesto-the-baby-king-penguin
YAY,yay-games
OMD,onemilliondollars
SCPT,script-network
PTF,powertrade-fuel
MNRY,moonray
ADAPAD,adapad
MANYU,littlemanyu
DEEPSEEK,global-depin-chain
ROOK,keeperdao
SHAv,safe-haven
EYWA,eywa
X,xerc20-pro
APED,aped
FYD,fydcoin
KUNCI,kunci-coin
JGN,juggernaut
RAT,rat-escape
VEMP,vempire-ddao
DONS,the-dons
BMON,binamon
FEAR,fear-nfts
CCC,coconut-chicken
GLCH,glitch
USDSs,the-standard-protocol-usds
WATCH,yieldwatch
FCON,spacefalcon
ONDOAI,ondo-defai
PVU,plantvsundead
APPLE,bunny
HMQ,humaniq
FLAME,firestarter
MTH,monetha
BCCOIN,blackcardcoin
STB,sola-x
STND,standard-protocol
TONE,te-food
LSS,lossless
MAJORf,major-frog
SENSO,senso
FLORK,flork-cto
ZER,zero
CVT,cybervein
STRONG,strong
CWAR,cryowar
TRV,trustverse
NVDA,nvidia
BEAT,metabeat
VRT,venus-reward-token
HANA,hana
BABY,babyswap
TOKO,tokoin
NFTB,nftb
KZEN,kaizen-finance
PERL,perlin
SPO,spores-network
PYM,playermon
TREEINCAT,tree-stuck-in-cat
SYNCn,sync-network
CLOAK,cloakcoin
DG,decentral-games
LNR,lunar-v2
ONEd,onedex
IDEA,ideaology
OCTO,octofi
MAKI,makiswap
KDAG,king-dag
AEG,aethergames
CELB,celuvplay
CRXp,cryptex
BCMC,blockchain-monster-hunt
DIME,dimecoin
AITo,aimalls
ZYN,zynecoin
ZOOc,zoo-2
ARCONA,arcona
KACY,markkacy
BRKL,brokoli-network
AART,all-art-protocol
IDNA,idena
UBX,ubix-network
GALO,clube-atletico-mineiro-fan-token
QRT,qrkita-token
VISION,vision-game
SARAH,sarah-sol
CBL,credbull
AIPUMP,aipump
DAPP,penpad
BFTOKEN,boss-fighters
TAMA,tamadoge
PLXp,pullix
KTON,darwinia-commitment-token
BOZO,bozo
NUX,peanut
NVIR,nvirworld
MITH,mithril
MA,mind-ai
METALb,drunk-robots
FIREm,matr1x-fire
SAKE,sake-token
PRXn,parex
DARWIN,darwinslab
KBBB,kill-big-beautiful-bill
BEFI,befi-labs
KTN,kattana
ZORO,zorobotics
AZ,azbit
VRTX,vertex-protocol
DOGEf,department-of-government-efficiency
ZELIX,zelix
BATH,battle-hero
PLYR,plyr-l1
KLAUS,klaus
LOON,the-loonies
ACEn,acent
VDR,vodra
TALE,promptale-ai
OLT,oneledger
PLY,aurigami
NFE,edu3labs
CATHEON,catheon-gaming
WIFh,dogwifhood
XRPAYNET,xrpaynet
ALLIN,all-in
SPFC,sao-paulo-fc-fan-token
BLAZE,storyfire
ORA,ora
POSI,position-exchange
FRIN,fringe-finance
MTVT,metaverser
NYANh,nyan-heroes
THN,throne
OPIUM,opium
LIBERTA,the-libertarian-dog
STCi,satoshi-island
INXT,internxt
ZLW,zelwin
FRTS,fruits-eco
AMU,amulet
TOAD,acid-toad
BRAWL,brawl-ai-layer
VEIL,veil
GAME,gamecredits
SHARE,seigniorage-shares
KOBUSHI,kobushi
OURO,ouroboros
XLD,xcel-swap
HGOLD,hollygold
BURGER,burger-cities
KANGAL,kangal
MIST,mist
BIN,binemon
UMB,umbrella-network
VIB,viberate
HAN,hanchain
LAY3R,autolayer
CRT,cantina-royale
TUNE,antimatter
PUFFY,puffy
MTS,metastrike
RFR,refereum
JANET,janet
DUCKY,ducky
PNT,pnetwork
MSTAR,merlinstarter
CONCHO,sapo-concho
NRV,nerve-finance
PMX,primex-finance
CTCN,contracoin
HYVE,hyve
BABYXRP,baby-ripple-xyz
AOGs,ageofgods
BACa,basis-cash
JINp,jinpeng
SWRV,swerve
AARK,aark
FLAVIA,flavia-is-online
ICEd,decentral-games-ice
RWAs,rug-world-assets
SPEXi,speciex
IDV,idavoll-network
NBS,new-bitshares
SLRS,solrise-finance
PRCY,prcy-coin
WQT,workquest
COBE,castle-of-blackwater
ALA,alanyaspor-fan-token
JULD,julswap
VISIONo,openvision
IBFK,istanbul-basaksehir-fan-token
BUNI,bunicorn
KLO,kalao
gCATS,goldencat
DFA,define
PUMPAI,pumpai
HOD,hodooi
AIRDROP,airdrop2049
HGET,hedget
PAC,pac-protocol
SPELLFIRE,spellfire-re-master-the-magic
NCN,neurochainai
SOLVE,solve
UDO,unido
BABYCATE,babycate
ARCa,arcade-2-earn
FINA,defina-finance
IGU,iguverse
METAQ,metaq
ETF,eat-trade-fart
PCNT,playcent
COT,cotrader
CLEG,chain-of-legends
ARIX,arix
NFTD,nftrade
BLSh,bloodloop
PYI,pyrin
NETZ,mainnetz
OXYg,oxygen
SAKAI,sakai-vault
CBG,chainbing
PTS,petals
BABYNEIRO,baby-neiro-token
MOVEZ,movez
WZRD,wizardia
AIRI,airight
EXVG,exverse
ETHO,etho-protocol
TXL,tixl-new
FUNEX,funex
CRTAI,crt-ai-network
YF-DAI,yfdai-finance
ORION,orion-money
STAGE,stage
RBLX,rublix
JUICE,juice-finance
WELT,fabwelt
SOFAC,sofacat
SINK,let-that-sink-in
GMDt,the-coop-network
REGENT,regent-coin
LABZ,insane-labz
DEXA,dexa-coin
APYS,apyswap
ZAI,zaibot
AVAXAI,aivalanche-defai-agents
SATT,satt
PWAR,polkawar
POLISc,polis
KAMPAY,kampay
SOLX,soldex
MOTH,moth
NDC,magic-gpt-game
PLSPAD,pulsepad
BUSY,busy
VIX,vixco
BRUH,bruh-eth
BOUTS,boutspro
FINE,refinable
CRE8,creaticles
TSUGT,captain-tsubasa
AXE,axe
GARD,hashgard
GNX,genaro-network
SPIKEs,spike-on-sol
COMBOf,furucombo
ERA7,era-token
SENC,sentinel-chain
APXt,apextoken
UBEX,ubex
FOC,theforce-trade
PDOGE,poor-doge
MAF,metamafia
HIBS,hiblocks
WOWs,wowswap
TESp,titan-trading-platform
PLASTIK,plastiks
RPZX,rapidz
CNB,coinsbit-token
APRIL,april
ING,infinity-angel
PUNCH,one-punch-cat
NEVA,nevacoin
JADE,jade-currency
TRAXX,traxx
BUNNY,pancakebunny
LOE,legends-of-elysium
CORGIB,the-corgi-of-polkabridge
IDLE,idle
EVY,everycoin
DTX,databroker
EFX,effect-ai
LFW,legend-of-fantasy-war
SMART,smartcash
BDPs,bidipass
SHI,shirtum
MSWAP,moneyswap
SWPk,kava-swap
GCOIN,galaxy-fight-club
CNS,centric-swap
MEL,melalie
AZUKI,azuki
ZNZ,zenzo
ARNOLD,arnold
CATA,catamoto-cat
TCC,the-champcoin
MOJOp,planet-mojo
CIRUS,cirus-foundation
PHR,phore
INN,innova
SQRL,squirrel-swap
BRATb,brat-on-base
TRR,terran-coin
SHOOT,mars-battle
TBX,tokenbox
IQTp,iq-protocol
SNY,synthetify
CORt,coreto
TWIN,twinci
KFT,knit-finance
ROCKI,rocki
WWY,weway
DECHAT,dechat
SHOE,shoefy
AZY,amazy
SAO,sator
NGTG$$,nugget-trap-gold-token
DOM,ancient-kingdom
MBLK,magical-blocks
SFD,safe-deal
HOTCROSS,hot-cross
XNOt,xeno-token
HPB,high-performance-blockchain
CSPN,crypto-sports
1EARTH,earthfund
RPGs,revolve-games
TIDAL,tidal-finance
EGGg,goose-finance
CEP,cereal
TITAN,titanswap
PRARE,polkarare
SMTY,smoothy
VALt,sora-validator-token
BTRS,bitball-treasure
EKTA,ekta
CORX,corionx
FANX,frontfanz-fanx
RENA,warena
DIFI,digital-files
SPWN,bitspawn-protocol
ETHA,etha-lend
SKP,skyplay
SNB,synchrobitcoin
ACOIN,acoin
RAGE,rage-fan
ABDS,abds-token
TIP,sugarbounce
RUNEg,rune
SBABE,snoopybabe
PAYB,paybswap
CVTX,carrieverse
DGK,digika
VATAN,vatan
KOAI,koi-protocol
LEAD,lead-wallet
ADF,art-de-finance
CRDT,crdt
MHUNT,metashooter
CTG,city-tycoon-games
CPO,cryptopolis
LANDb,landbox
ETNA,etna-network
TXA,project-txa
LUS,luna-rush
SHRED,shredn
FBX,finance-blocks
SFG,s-finance
WSPP,wolf-safe-poor-people-polygon
BANANA,apeswap-finance
ZCR,zcore
STFX,stfx
YFFII,yffii-finance
MKR,maker
CNX,cryptonex
PIk,pi-iou
MNDE,mnde
COOKm,meth-protocol
EOS,eos
STRAX,stratis
T99,tethereum
BZR,bazaars
WBX,wibx
RFD,refund
LOKA,league-of-kingdoms
MFG,smart-mfg
ALPHAc,alpha
OZO,ozone-chain
KLAY,klaytn
HEX,hex
BRZ,brz
MWC,mimblewimblecoin
HT,htx-token
BFTo,the-big-five-token
MGCn,meta-games-coin
ECTE,eurocoin-token
BTCMT,minto
QANX,qanplatform
APFC,apf-coin
FX,function-x
GSYS,genesys
CHESS,chesscoin
B2M,bit2me
OCEANp,ocean-protocol
KOM,kommunitas
TRIBE,tribe
CATBOY,cat-boy
PKN,poken
AGIX,singularitynet
NAV,nav-coin
SFM,safemoon-v2
OOE,openocean
RYO,ryo-currency
PROB,probit-token
XIN,mixin
AMS,amsterdamcoin
MARS,marscoin
TOPIA,hytopia
AION,aion
HOTL,hydro-protocol
EDLC,edelcoin
GPRO,ipmb
GTCG,game
DPY,delphy
MOBI,mobius
B3X,bnext-token
BTCV,bitcoin-vault
NBOT,naka-bodhi-token
TCT,tokenclub
SKM,skrumble-network
ZSC,zeusshield
VALUE,value-defi
RATING,dprating
PSUB,psub
NT,nexdax-chain
ESS,essentia
RZ,rzcoin
NGC,naga
BCDN,blockcdn
DIPs,senor-dip
NLC2,nolimitcoin
CARc,car
HNC,hnccoin
POLY,polymath-network
PAK,pakcoin
EOSC,eos-force
BITd,bitdao
CQT,covalent
VRSC,veruscoin
CLUB,clubcoin
ICOM,icommunity-blockchain-solutions-ibs
BSTY,globalboost-y
BTTN,bittorrent
RCN,ripio-credit-network
POT,potcoin
MC,merit-circle
INK,ink
BLK,blackcoin
KRD,krypton-dao
AUC,auctus
AUR,auroracoin
OMNI,omni
MYB,mybit
RDD,redd
IXC,ixcoin
AIX,aigang
ZENI,zennies
ABX,arbidex
SMARTCREDIT,smartcredit-token
KAT,kambria
HXRO,hxro
NVC,novacoin
PMPY,prometheum-prodigy
SKY,skycoin
HEDG,hedgetrade
NYE,newyork-exchange
XPX,proximax
RBIES,rubies
PTOY,patientory
SRN,sirin-labs-token
DGC,digitalcoin
BITB,bean-cash
BLOCK,blocknet
TRC,terracoin
FRC,freicoin
TAG,tagcoin
HBN,hobonickels
MAX,maxcoin
RBY,rubycoin
XPDp,petrodollar
PLNC,plncoin
BITS,bitstar
QBC,quebecoin
BLU,bluecoin
DRM,dreamcoin
MOTO,motocoin
C2,coin2-1
START,startcoin
CLAM,clams
VIA,viacoin
XCN,cryptonite
CARBON,carboncoin
RBBT,rabbitcoin
OPAL,opal
PXI,prime-xi
SPR,spreadcoin
RBT,rimbit
CRW,crown
XQN,quotient
OK,okcash
XPY,paycoin2
KOBO,kobocoin
WBB,wild-beast-block
SONG,songcoin
CF,californium
BUB,bubble
UNIT,universal-currency
PKB,parkbyte
ARB,arbit
BTA,bata
ADC,audiocoin
SNRG,synergy
XRA,ratecoin
CREVA,crevacoin
BSC,bowscoin
MANNA,manna
AXIOM,axiom
TX,transfercoin
GCC,guccionecoin
EUC,eurocoin
VEC2,vector
SIB,sibcoin
SWING,swing
SANDG,save-and-gain
DFT,draftcoin
ADZ,adzcoin
AV,avatarcoin
LTCR,litecred
SLS,salus
FRN,francs
EVIL,evil-coin
IMS,independent-money-system
PEX,posex
CAB,cabbage
MOJO,mojocoin
EDRC,edrcoin
POST,postcoin
BERN,berncash
XHI,hicoin
XBTC21,bitcoin-21
2GIVE,2give
XPTX,platinumbar
LANA,lanacoin
PONZI,ponzicoin
ION,ion
HVCO,high-voltage
GB,goldblocks
CMTA,comet
CJ,cryptojacks
ACES,aces
TAJ,tajcoin
VLT,veltor
ZYD,zayedcoin
DLC,dollarcoin
MST,mustangcoin
KURT,kurrent
ENT,eternity
POSW,posw-coin
JUP,jupiter
VIDZ,purevidz
ICOB,icobid
IBANK,ibank
FRST,firstcoin
ICON,iconic
CNT,centurion
ARGUS,argus
SWT,swarm-city
NETKO,netko
BLAZR,blazercoin
CXT,coinonat
CONX,concoin
SCS,speedcash
VOLT,bitvolt
LUN,lunyr
MAY,theresa-may-coin
ADK,aidos-kuneen
UNIFY,unify
ONX,onix
GXS,gxchain
SOCC,socialcoin-socc
WGR,wagerr
PLBT,polybius
SAN,santiment
GSR,geysercoin
SHDW,shadow-token
ONION,deeponion
IFT,investfeed
ACT,achain
DLT,agrello-delta
BUZZ,buzzcoin
IND,indorse-token
ATB,atbcoin
SUB,substratum
BLUE,ethereum-blue
IETH,iethereum
ATL,atlant
PRIX,privatix
BCX,bitcoinx
WRC,worldcore
UBTC,united-bitcoin
STAR,starbase
BIX,bibox-token
NEU,neumark
GOD,bitcoin-god
ARCT,arbitragect
LET,linkeye
CPCH,cpchain
DMT,dmarket
MNTP,goldmint
NTK,neurotoken
TEN,tokenomy
XBP,blitzpredict
TNS,transcodium
PRIV,privcy
SCRM,scorum-coins
THR,thorecoin
FLOT,fire-lotto
BCZERO,buggyra-coin-zero
MODX,model-x-coin
ETHM,ethereum-meta
CAJ,cajutel
TCAT,the-currency-analytics
OWC,oduwa
TERAa,tera
HNST,honest
NU,nucypher
TNCc,tnc-coin
ANY,anyswap
CORE,cvault-finance
FORMm,binaryx-new
KUMA,kuma-inu
MCT,metacraft
GULF,gulf-coin
GRD,grade
MRS,metars-genesis
VBG,vibing
PEPEc,pepe-community
UCJL,utility-cjournal
KEKEC,the-balkan-dwarf
SCOTTYa,scotty-the-ai
VERUM,verum-coin
STETH,steth
WBETH,wrapped-beacon-eth
WBTC,wrapped-bitcoin
WEETH,wrapped-eeth
BTCB,bitcoin-bep2
JITOSOL,jito-staked-sol
RETH,rocket-pool-eth
BFUSD,bfusd
LSETH,liquid-staked-eth
METH,mantle-staked-ether
MSOL,marinade
VBNB,venus-bnb
RBTC,rsk-smart-bitcoin
BSOL,blazestake-staked-sol
VETH,venus-eth
CRVUSD,crvusd
WNXM,wrapped-nxm
WTAO,wrapped-tao
RENBTC,renbtc
WEVER,wrapped-everscale
WAMPL,wrapped-ampleforth
TBTCt,tbtc
WALV,alvey-chain
WWDOGE,wrapped-wdoge
WDOGE,wrapped-dogecoin
